楷档,啊厘 狐弗 瘤痢,啊厘 狐弗 朝楼,啊厘 词篮 瘤痢,啊厘 词篮 朝楼
1907,措备,1907-07-30,措备,1907-08-10
1908,措备,1908-07-23,措备,1908-08-21
1909,措备,1909-07-13,措备,1909-08-07
1910,措备,1910-07-19,措备,1910-08-31
1911,措备,1911-07-19,措备,1911-07-20
1912,措备,1912-07-18,措备,1912-08-04
1913,措备,1913-07-13,措备,1913-08-17
1914,措备,1914-07-01,措备,1914-08-22
1915,措备,1915-07-14,措备,1915-08-06
1916,措备,1916-07-19,措备,1916-09-09
1917,措备,1917-06-26,措备,1917-08-13
1918,措备,1918-06-29,措备,1918-08-16
1919,措备,1919-07-22,措备,1919-08-01
1920,措备,1920-07-05,措备,1920-08-02
1921,措备,1921-07-05,措备,1921-08-21
1922,措备,1922-07-14,措备,1922-08-19
1923,措备,1923-07-27,措备,1923-08-23
1924,措备,1924-07-06,措备,1924-08-05
1925,措备,1925-07-16,措备,1925-08-29
1926,措备,1926-07-15,措备,1926-08-26
1927,措备,1927-07-13,措备,1927-08-09
1928,措备,1928-07-10,措备,1928-09-08
1929,措备,1929-07-11,措备,1929-08-20
1930,措备,1930-06-30,措备,1930-08-21
1931,措备,1931-08-09,措备,1931-08-26
1932,措备,1932-07-10,措备,1932-08-04
1933,措备,1933-06-25,措备,1933-07-28
1934,措备,1934-07-03,措备,1934-08-11
1935,措备,1935-07-13,措备,1935-09-07
1936,措备,1936-07-20,措备,1936-09-04
1937,措备,1937-07-04,措备,1937-08-19
1938,措备,1938-07-09,措备,1938-08-17
1939,措备,1939-08-09,措备,1939-08-30
1940,措备,1940-07-02,措备,1940-08-16
1941,措备,1941-07-02,措备,1941-07-02
1942,措备,1942-07-05,措备,1942-08-13
1943,措备,1943-07-12,措备,1943-08-20
1944,措备,1944-06-29,措备,1944-08-08
1945,,,,
1946,措备,1946-07-12,措备,1946-08-19
1947,措备,1947-07-03,措备,1947-08-31
1948,措备,1948-07-27,措备,1948-07-27
1949,措备,1949-08-15,措备,1949-09-16
1950,措备,1950-07-18,措备,1950-08-19
1951,措备,1951-07-28,措备,1951-08-21
1952,措备,1952-07-24,措备,1952-08-25
1953,措备,1953-07-27,措备,1953-08-21
1954,措备,1954-08-07,措备,1954-08-21
1955,措备,1955-07-01,措备,1955-08-18
1956,措备,1956-07-15,措备,1956-08-11
1957,措备,1957-07-17,措备,1957-08-20
1958,措备,1958-07-19,措备,1958-08-08
1959,措备,1959-07-09,措备,1959-08-20
1960,措备,1960-06-27,措备,1960-08-22
1961,措备,1961-07-02,措备,1961-09-04
1962,措备,1962-07-27,措备,1962-08-08
1963,措备,1963-07-14,措备,1963-07-28
1964,措备,1964-07-01,措备,1964-09-12
1965,措备,1965-07-14,措备,1965-08-05
1966,措备,1966-06-25,措备,1966-08-23
1967,措备,1967-07-13,措备,1967-08-28
1968,措备,1968-07-18,措备,1968-07-26
1969,措备,1969-07-15,措备,1969-08-11
1970,措备,1970-07-27,措备,1970-08-05
1971,措备,1971-07-02,措备,1971-08-15
1972,措备,1972-07-06,措备,1972-08-03
1973,措备,1973-07-06,措备,1973-08-31
1974,措备,1974-08-01,措备,1974-08-22
1975,措备,1975-07-15,措备,1975-08-21
1976,措备,1976-07-27,措备,1976-08-21
1977,措备,1977-07-03,措备,1977-08-07
1978,措备,1978-06-25,措备,1978-08-28
1979,措备,1979-07-30,措备,1979-08-26
1980,,,,
1981,措备,1981-06-21,措备,1981-08-17
1982,措备,1982-08-05,措备,1982-08-19
1983,措备,1983-07-25,措备,1983-08-17
1984,措备,1984-07-02,措备,1984-09-01
1985,措备,1985-07-09,措备,1985-08-13
1986,措备,1986-07-27,措备,1986-07-27
1987,措备,1987-07-10,措备,1987-08-29
1988,措备,1988-07-07,措备,1988-07-19
1989,措备,1989-07-19,措备,1989-08-20
1990,措备,1990-07-06,措备,1990-08-30
1991,措备,1991-06-28,措备,1991-08-01
1992,措备,1992-07-19,措备,1992-09-03
1993,措备,1993-07-08,措备,1993-08-24
1994,措备,1994-07-01,措备,1994-09-04
1995,措备,1995-07-09,措备,1995-08-23
1996,措备,1996-07-15,措备,1996-08-13
1997,措备,1997-07-02,措备,1997-09-01
1998,措备,1998-07-02,措备,1998-08-14
1999,措备,1999-07-23,措备,1999-08-17
2000,措备,2000-06-30,措备,2000-08-31
2001,措备,2001-06-28,措备,2001-08-16
2002,措备,2002-07-14,措备,2002-08-29
2003,措备,2003-08-03,措备,2003-08-21
2004,措备,2004-07-12,措备,2004-08-08
2005,措备,2005-06-24,措备,2005-09-01
2006,措备,2006-07-12,措备,2006-08-23
2007,措备,2007-07-24,措备,2007-09-20
2008,措备,2008-07-04,措备,2008-08-13
2009,措备,2009-07-12,措备,2009-08-22
2010,措备,2010-07-20,措备,2010-09-10
2011,措备,2011-06-23,措备,2011-08-16
2012,措备,2012-07-04,措备,2012-08-27
2013,措备,2013-07-08,措备,2013-08-22
2014,措备,2014-07-09,措备,2014-08-06
2015,措备,2015-07-23,措备,2015-08-05
2016,措备,2016-07-25,措备,2016-08-22
2017,措备,2017-07-02,措备,2017-08-24
2018,措备,2018-07-12,措备,2018-08-22
2019,措备,2019-07-22,措备,2019-09-06
2020,措备,2020-07-19,措备,2020-08-29
2021,措备,2021-07-14,措备,2021-08-06
2022,措备,2022-06-26,措备,2022-08-22
2023,措备,2023-07-12,措备,2023-08-19
2024,措备,2024-07-04,措备,2024-09-19
